name	height	weight	bmi
Mariya	1.67	54	19.362472659471475
Batman	1.9	100	27.70083102493075
Spongebob	0.25	1	16.0
